"sampleId","bio1","bio2","bio3","bio4","bio5","bio6","bio7","bio8","bio9","bio10","bio11","bio12","bio13","bio14","bio15","bio16","bio17","bio18","bio19","tmin1","tmin2","tmin3","tmin4","tmin5","tmin6","tmin7","tmin8","tmin9","tmin10","tmin11","tmin12","tmax1","tmax2","tmax3","tmax4","tmax5","tmax6","tmax7","tmax8","tmax9","tmax10","tmax11","tmax12","prec1","prec2","prec3","prec4","prec5","prec6","prec7","prec8","prec9","prec10","prec11","prec12"
"AT_Mau_14_01",88,97,32,7157,247,-48,295,178,8,178,-6,688,93,32,36,264,111,264,111,-48,-38,-7,32,78,111,125,122,86,41,3,-29,17,39,90,145,196,226,247,242,199,139,69,28,32,36,43,51,75,92,93,79,54,41,49,43
"AT_Mau_14_02",88,97,32,7157,247,-48,295,178,8,178,-6,688,93,32,36,264,111,264,111,-48,-38,-7,32,78,111,125,122,86,41,3,-29,17,39,90,145,196,226,247,242,199,139,69,28,32,36,43,51,75,92,93,79,54,41,49,43
"AT_Mau_15_50",88,97,32,7157,247,-48,295,178,8,178,-6,688,93,32,36,264,111,264,111,-48,-38,-7,32,78,111,125,122,86,41,3,-29,17,39,90,145,196,226,247,242,199,139,69,28,32,36,43,51,75,92,93,79,54,41,49,43
"AT_Mau_15_51",88,97,32,7157,247,-48,295,178,8,178,-6,688,93,32,36,264,111,264,111,-48,-38,-7,32,78,111,125,122,86,41,3,-29,17,39,90,145,196,226,247,242,199,139,69,28,32,36,43,51,75,92,93,79,54,41,49,43
"AT_See_14_44",78,103,33,7098,236,-68,304,166,-1,166,-17,1288,142,67,24,418,211,418,225,-68,-56,-20,19,62,97,112,110,81,37,-5,-48,13,40,86,130,179,216,236,230,196,138,68,22,67,72,72,108,110,142,137,139,116,111,128,86
"AT_See_16_1",78,103,33,7098,236,-68,304,166,-1,166,-17,1288,142,67,24,418,211,418,225,-68,-56,-20,19,62,97,112,110,81,37,-5,-48,13,40,86,130,179,216,236,230,196,138,68,22,67,72,72,108,110,142,137,139,116,111,128,86
"BY_Bre_15_13",75,84,26,8237,240,-75,315,176,-24,176,-35,548,74,26,35,209,82,209,94,-75,-69,-25,35,82,115,129,123,87,45,2,-44,-16,-5,48,132,192,224,240,232,184,123,51,4,29,27,26,37,53,68,74,67,52,38,39,38
"CH_Cha_14_42",74,87,32,6320,219,-48,267,3,67,154,-9,1112,107,75,10,303,249,295,294,-48,-38,-13,19,56,89,108,103,82,41,0,-33,15,32,74,113,158,195,219,211,179,124,65,24,100,92,85,75,89,102,86,107,92,81,101,102
"CH_Cha_14_43",74,87,32,6320,219,-48,267,3,67,154,-9,1112,107,75,10,303,249,295,294,-48,-38,-13,19,56,89,108,103,82,41,0,-33,15,32,74,113,158,195,219,211,179,124,65,24,100,92,85,75,89,102,86,107,92,81,101,102
"CH_Cha_15_39",74,87,32,6320,219,-48,267,3,67,154,-9,1112,107,75,10,303,249,295,294,-48,-38,-13,19,56,89,108,103,82,41,0,-33,15,32,74,113,158,195,219,211,179,124,65,24,100,92,85,75,89,102,86,107,92,81,101,102
"CH_Cha_16_38",74,87,32,6320,219,-48,267,3,67,154,-9,1112,107,75,10,303,249,295,294,-48,-38,-13,19,56,89,108,103,82,41,0,-33,15,32,74,113,158,195,219,211,179,124,65,24,100,92,85,75,89,102,86,107,92,81,101,102
"CY_Nic_14_11",181,126,41,6425,348,47,301,101,263,263,101,391,88,1,84,217,10,10,217,48,47,63,93,133,173,196,198,171,138,98,66,140,149,177,224,276,320,346,348,313,266,212,161,78,51,46,21,21,7,1,2,8,31,37,88
"DE_Bro_14_14",103,86,32,6464,250,-13,263,185,33,185,20,757,95,43,26,254,138,254,140,-13,-5,19,49,88,121,140,136,107,66,24,-4,38,58,104,149,193,226,250,243,211,149,87,49,47,43,48,61,83,95,75,84,60,51,60,50
"DE_Bro_14_15",103,86,32,6464,250,-13,263,185,33,185,20,757,95,43,26,254,138,254,140,-13,-5,19,49,88,121,140,136,107,66,24,-4,38,58,104,149,193,226,250,243,211,149,87,49,47,43,48,61,83,95,75,84,60,51,60,50
"DE_Bro_15_53",103,86,32,6464,250,-13,263,185,33,185,20,757,95,43,26,254,138,254,140,-13,-5,19,49,88,121,140,136,107,66,24,-4,38,58,104,149,193,226,250,243,211,149,87,49,47,43,48,61,83,95,75,84,60,51,60,50
"DE_Bro_15_54",103,86,32,6464,250,-13,263,185,33,185,20,757,95,43,26,254,138,254,140,-13,-5,19,49,88,121,140,136,107,66,24,-4,38,58,104,149,193,226,250,243,211,149,87,49,47,43,48,61,83,95,75,84,60,51,60,50
"DE_Bro_16_10",103,86,32,6464,250,-13,263,185,33,185,20,757,95,43,26,254,138,254,140,-13,-5,19,49,88,121,140,136,107,66,24,-4,38,58,104,149,193,226,250,243,211,149,87,49,47,43,48,61,83,95,75,84,60,51,60,50
"DE_Bro_16_11",103,86,32,6464,250,-13,263,185,33,185,20,757,95,43,26,254,138,254,140,-13,-5,19,49,88,121,140,136,107,66,24,-4,38,58,104,149,193,226,250,243,211,149,87,49,47,43,48,61,83,95,75,84,60,51,60,50
"DE_Mun_14_31",80,89,31,6827,229,-50,279,166,3,166,-10,911,122,48,35,347,153,347,157,-50,-43,-8,28,68,103,121,115,86,41,1,-34,13,32,81,130,175,208,229,222,189,131,65,24,52,48,53,68,97,122,116,109,74,55,60,57
"DE_Mun_14_32",80,89,31,6827,229,-50,279,166,3,166,-10,911,122,48,35,347,153,347,157,-50,-43,-8,28,68,103,121,115,86,41,1,-34,13,32,81,130,175,208,229,222,189,131,65,24,52,48,53,68,97,122,116,109,74,55,60,57
"DE_Mun_15_45",80,89,31,6827,229,-50,279,166,3,166,-10,911,122,48,35,347,153,347,157,-50,-43,-8,28,68,103,121,115,86,41,1,-34,13,32,81,130,175,208,229,222,189,131,65,24,52,48,53,68,97,122,116,109,74,55,60,57
"DE_Mun_15_46",80,89,31,6827,229,-50,279,166,3,166,-10,911,122,48,35,347,153,347,157,-50,-43,-8,28,68,103,121,115,86,41,1,-34,13,32,81,130,175,208,229,222,189,131,65,24,52,48,53,68,97,122,116,109,74,55,60,57
"DE_Mun_16_12",80,89,31,6827,229,-50,279,166,3,166,-10,911,122,48,35,347,153,347,157,-50,-43,-8,28,68,103,121,115,86,41,1,-34,13,32,81,130,175,208,229,222,189,131,65,24,52,48,53,68,97,122,116,109,74,55,60,57
"DE_Mun_16_13",80,89,31,6827,229,-50,279,166,3,166,-10,911,122,48,35,347,153,347,157,-50,-43,-8,28,68,103,121,115,86,41,1,-34,13,32,81,130,175,208,229,222,189,131,65,24,52,48,53,68,97,122,116,109,74,55,60,57
"DK_Kar_14_39",78,65,27,6046,200,-40,240,87,26,156,3,605,64,34,21,186,106,170,117,-38,-40,-13,29,74,109,128,121,97,61,15,4,28,31,55,95,148,182,200,198,163,116,72,43,47,34,36,36,44,48,61,61,60,62,64,52
"DK_Kar_14_41",78,65,27,6046,200,-40,240,87,26,156,3,605,64,34,21,186,106,170,117,-38,-40,-13,29,74,109,128,121,97,61,15,4,28,31,55,95,148,182,200,198,163,116,72,43,47,34,36,36,44,48,61,61,60,62,64,52
"DK_Kar_16_2",78,65,27,6046,200,-40,240,87,26,156,3,605,64,34,21,186,106,170,117,-38,-40,-13,29,74,109,128,121,97,61,15,4,28,31,55,95,148,182,200,198,163,116,72,43,47,34,36,36,44,48,61,61,60,62,64,52
"DK_Kar_16_3",78,65,27,6046,200,-40,240,87,26,156,3,605,64,34,21,186,106,170,117,-38,-40,-13,29,74,109,128,121,97,61,15,4,28,31,55,95,148,182,200,198,163,116,72,43,47,34,36,36,44,48,61,61,60,62,64,52
"DK_Kar_16_4",78,65,27,6046,200,-40,240,87,26,156,3,605,64,34,21,186,106,170,117,-38,-40,-13,29,74,109,128,121,97,61,15,4,28,31,55,95,148,182,200,198,163,116,72,43,47,34,36,36,44,48,61,61,60,62,64,52
"ES_Ben_16_32",146,116,37,6411,325,18,307,99,232,233,70,470,60,6,49,167,29,37,162,18,25,48,67,95,137,169,170,142,98,57,30,109,127,152,179,213,277,325,319,274,209,153,113,53,50,60,57,42,15,6,8,23,47,50,59
"ES_Cor_15_33",147,114,37,6349,321,20,301,100,232,233,71,436,54,7,44,150,34,41,138,20,27,49,68,98,139,173,173,145,100,58,32,111,127,153,179,213,274,321,315,273,209,154,115,45,44,52,54,42,18,7,9,25,46,45,49
"ES_Gim_14_34",152,115,37,6685,319,15,304,180,83,237,66,420,53,19,29,139,73,99,73,15,19,57,80,116,153,179,178,153,102,54,29,100,132,175,205,247,284,319,313,277,209,145,103,23,19,31,43,53,43,21,35,48,42,31,31
"ES_Gim_14_35",152,115,37,6685,319,15,304,180,83,237,66,420,53,19,29,139,73,99,73,15,19,57,80,116,153,179,178,153,102,54,29,100,132,175,205,247,284,319,313,277,209,145,103,23,19,31,43,53,43,21,35,48,42,31,31
"ES_Gim_15_30",144,112,37,6469,308,10,298,171,62,227,62,434,55,21,28,142,77,100,77,10,17,50,73,109,145,170,169,145,96,49,24,96,125,166,195,235,273,308,302,265,199,138,103,24,21,33,43,55,44,22,34,49,43,34,32
"ES_Gim_15_31",144,112,37,6469,308,10,298,171,62,227,62,434,55,21,28,142,77,100,77,10,17,50,73,109,145,170,169,145,96,49,24,96,125,166,195,235,273,308,302,265,199,138,103,24,21,33,43,55,44,22,34,49,43,34,32
"ES_Gim_16_33",144,112,37,6469,308,10,298,171,62,227,62,434,55,21,28,142,77,100,77,10,17,50,73,109,145,170,169,145,96,49,24,96,125,166,195,235,273,308,302,265,199,138,103,24,21,33,43,55,44,22,34,49,43,34,32
"ES_Gim_16_34",144,112,37,6469,308,10,298,171,62,227,62,434,55,21,28,142,77,100,77,10,17,50,73,109,145,170,169,145,96,49,24,96,125,166,195,235,273,308,302,265,199,138,103,24,21,33,43,55,44,22,34,49,43,34,32
"ES_Gua_15_32",143,117,37,6429,323,15,308,96,230,230,67,480,61,7,48,170,31,40,165,15,22,44,63,92,134,166,167,138,95,54,27,107,124,149,176,210,275,323,316,272,206,151,110,54,51,61,58,43,15,7,9,24,47,51,60
"ES_Pur_16_35",146,116,37,6411,325,18,307,99,232,233,70,470,60,6,49,167,29,37,162,18,25,48,67,95,137,169,170,142,98,57,30,109,127,152,179,213,277,325,319,274,209,153,113,53,50,60,57,42,15,6,8,23,47,50,59
"ES_Tom_15_28",144,123,38,6711,331,10,321,128,235,235,63,416,49,7,38,141,45,45,115,10,17,42,65,96,138,171,166,138,88,47,20,103,126,158,186,222,284,331,321,278,207,147,108,35,38,45,49,47,27,7,11,28,45,42,42
"ES_Tom_15_29",144,123,38,6711,331,10,321,128,235,235,63,416,49,7,38,141,45,45,115,10,17,42,65,96,138,171,166,138,88,47,20,103,126,158,186,222,284,331,321,278,207,147,108,35,38,45,49,47,27,7,11,28,45,42,42
"ES_Tom_16_36",144,123,38,6744,332,9,323,128,235,235,63,419,50,7,38,142,45,45,117,9,16,42,65,96,138,171,166,138,89,47,20,102,125,158,186,222,284,332,322,278,207,147,108,36,38,45,50,47,27,7,11,28,45,42,43
"ES_Tom_16_37",144,123,38,6744,332,9,323,128,235,235,63,419,50,7,38,142,45,45,117,9,16,42,65,96,138,171,166,138,89,47,20,102,125,158,186,222,284,332,322,278,207,147,108,36,38,45,50,47,27,7,11,28,45,42,43
"FI_Aka_14_36",39,81,24,8396,211,-115,326,132,-30,149,-67,595,78,27,33,215,88,208,112,-108,-115,-77,-16,35,88,107,97,57,19,-27,-77,-41,-40,4,69,150,200,211,192,134,76,18,-19,40,27,28,33,38,54,76,78,61,60,55,45
"FI_Aka_14_37",39,81,24,8396,211,-115,326,132,-30,149,-67,595,78,27,33,215,88,208,112,-108,-115,-77,-16,35,88,107,97,57,19,-27,-77,-41,-40,4,69,150,200,211,192,134,76,18,-19,40,27,28,33,38,54,76,78,61,60,55,45
"FI_Aka_15_34",39,81,24,8396,211,-115,326,132,-30,149,-67,595,78,27,33,215,88,208,112,-108,-115,-77,-16,35,88,107,97,57,19,-27,-77,-41,-40,4,69,150,200,211,192,134,76,18,-19,40,27,28,33,38,54,76,78,61,60,55,45
"FI_Aka_15_35",39,81,24,8396,211,-115,326,132,-30,149,-67,595,78,27,33,215,88,208,112,-108,-115,-77,-16,35,88,107,97,57,19,-27,-77,-41,-40,4,69,150,200,211,192,134,76,18,-19,40,27,28,33,38,54,76,78,61,60,55,45
"FI_Aka_16_5",39,81,24,8396,211,-115,326,132,-30,149,-67,595,78,27,33,215,88,208,112,-108,-115,-77,-16,35,88,107,97,57,19,-27,-77,-41,-40,4,69,150,200,211,192,134,76,18,-19,40,27,28,33,38,54,76,78,61,60,55,45
"FI_Aka_16_6",39,81,24,8396,211,-115,326,132,-30,149,-67,595,78,27,33,215,88,208,112,-108,-115,-77,-16,35,88,107,97,57,19,-27,-77,-41,-40,4,69,150,200,211,192,134,76,18,-19,40,27,28,33,38,54,76,78,61,60,55,45
"FI_Ves_14_38",30,76,22,8966,211,-127,338,131,-39,149,-83,621,84,32,31,221,99,214,123,-124,-127,-83,-23,34,92,115,99,53,11,-42,-95,-58,-56,-2,59,140,194,211,185,123,61,1,-37,43,32,33,34,40,56,74,84,63,58,56,48
"FI_Ves_16_7",30,76,22,8966,211,-127,338,131,-39,149,-83,621,84,32,31,221,99,214,123,-124,-127,-83,-23,34,92,115,99,53,11,-42,-95,-58,-56,-2,59,140,194,211,185,123,61,1,-37,43,32,33,34,40,56,74,84,63,58,56,48
"FR_Got_14_08",120,101,35,6388,277,-5,282,125,37,202,37,839,90,47,17,252,185,188,185,-5,1,31,55,94,128,149,145,121,78,38,6,65,88,138,168,209,248,277,270,232,172,113,70,58,64,70,61,83,71,47,70,88,90,74,63
"FR_Got_15_47",120,101,35,6388,277,-5,282,125,37,202,37,839,90,47,17,252,185,188,185,-5,1,31,55,94,128,149,145,121,78,38,6,65,88,138,168,209,248,277,270,232,172,113,70,58,64,70,61,83,71,47,70,88,90,74,63
"FR_Got_15_48",120,101,35,6388,277,-5,282,125,37,202,37,839,90,47,17,252,185,188,185,-5,1,31,55,94,128,149,145,121,78,38,6,65,88,138,168,209,248,277,270,232,172,113,70,58,64,70,61,83,71,47,70,88,90,74,63
"FR_Got_15_49",120,101,35,6388,277,-5,282,125,37,202,37,839,90,47,17,252,185,188,185,-5,1,31,55,94,128,149,145,121,78,38,6,65,88,138,168,209,248,277,270,232,172,113,70,58,64,70,61,83,71,47,70,88,90,74,63
"FR_Got_16_8",120,101,35,6388,277,-5,282,125,37,202,37,839,90,47,17,252,185,188,185,-5,1,31,55,94,128,149,145,121,78,38,6,65,88,138,168,209,248,277,270,232,172,113,70,58,64,70,61,83,71,47,70,88,90,74,63
"FR_Vil_14_05",105,81,35,5530,235,4,231,110,68,175,33,656,60,46,8,175,145,162,162,4,6,28,51,82,112,131,130,109,72,38,13,53,65,112,147,183,215,235,230,202,149,94,60,57,48,51,46,60,55,55,52,57,58,60,57
"FR_Vil_14_07",105,81,35,5530,235,4,231,110,68,175,33,656,60,46,8,175,145,162,162,4,6,28,51,82,112,131,130,109,72,38,13,53,65,112,147,183,215,235,230,202,149,94,60,57,48,51,46,60,55,55,52,57,58,60,57
"FR_Vil_15_40",105,81,35,5530,235,4,231,110,68,175,33,656,60,46,8,175,145,162,162,4,6,28,51,82,112,131,130,109,72,38,13,53,65,112,147,183,215,235,230,202,149,94,60,57,48,51,46,60,55,55,52,57,58,60,57
"FR_Vil_15_41",105,81,35,5530,235,4,231,110,68,175,33,656,60,46,8,175,145,162,162,4,6,28,51,82,112,131,130,109,72,38,13,53,65,112,147,183,215,235,230,202,149,94,60,57,48,51,46,60,55,55,52,57,58,60,57
"FR_Vil_16_9",105,81,35,5530,235,4,231,110,68,175,33,656,60,46,8,175,145,162,162,4,6,28,51,82,112,131,130,109,72,38,13,53,65,112,147,183,215,235,230,202,149,94,60,57,48,51,46,60,55,55,52,57,58,60,57
"GS_Des_15_1",241,76,71,1123,292,185,107,253,230,253,225,2381,297,98,32,822,344,822,350,186,185,185,196,209,219,216,218,216,212,207,195,264,264,270,281,283,286,288,291,292,286,281,269,143,98,109,137,188,193,250,297,275,244,246,201
"GS_Sai_15_2",259,77,71,1083,308,201,107,268,243,270,243,1262,167,45,35,453,162,358,162,201,201,202,215,227,235,235,235,232,229,223,211,284,284,289,298,299,303,305,308,306,302,301,289,65,45,52,71,111,102,117,139,147,167,126,120
"HU_Sze_16_14",108,101,31,7758,273,-45,318,188,20,202,3,515,70,28,29,178,87,175,100,-45,-23,12,56,104,135,146,142,107,59,19,-17,17,51,113,169,222,252,273,270,233,174,92,38,30,28,29,41,56,70,52,53,37,32,45,42
"IT_Mez_15_43",93,95,31,7017,252,-47,299,181,0,181,0,801,96,35,30,264,116,264,116,-47,-31,3,41,80,112,131,127,103,51,8,-30,25,53,98,146,186,225,252,241,209,141,79,34,35,37,47,59,80,83,85,96,78,79,78,44
"IT_Mez_15_44",93,95,31,7017,252,-47,299,181,0,181,0,801,96,35,30,264,116,264,116,-47,-31,3,41,80,112,131,127,103,51,8,-30,25,53,98,146,186,225,252,241,209,141,79,34,35,37,47,59,80,83,85,96,78,79,78,44
"IT_Tre_16_15",107,100,32,7311,272,-40,312,198,29,198,10,840,96,38,28,267,128,267,128,-40,-21,17,55,94,126,145,140,115,58,16,-22,33,67,118,169,207,245,272,261,228,153,91,42,38,40,50,65,80,88,83,96,79,85,86,50
"PO_Brz_15_12",73,69,24,7642,221,-62,283,168,18,168,-29,685,81,35,28,230,108,230,135,-62,-55,-18,33,74,108,133,128,94,53,7,-35,-16,-6,44,115,169,202,221,216,172,114,49,5,41,37,36,35,53,77,72,81,75,62,59,57
"PO_Brz_16_17",73,69,24,7642,221,-62,283,168,18,168,-29,685,81,35,28,230,108,230,135,-62,-55,-18,33,74,108,133,128,94,53,7,-35,-16,-6,44,115,169,202,221,216,172,114,49,5,41,37,36,35,53,77,72,81,75,62,59,57
"PO_Gda_16_16",66,65,26,6696,203,-46,249,153,12,153,-19,544,68,23,33,199,78,199,100,-46,-46,-21,14,58,100,119,113,84,49,12,-23,-6,-1,37,93,148,189,203,197,156,106,51,14,35,24,23,31,43,65,66,68,59,46,43,41
"PT_Rec_14_33",145,94,44,4184,259,46,213,99,197,198,91,1161,157,14,52,469,78,96,448,46,50,74,87,109,135,148,147,137,109,77,53,128,139,160,182,199,234,258,259,242,207,160,131,157,135,94,107,87,43,14,21,61,130,156,156
"PT_Rec_15_16",145,94,44,4184,259,46,213,99,197,198,91,1161,157,14,52,469,78,96,448,46,50,74,87,109,135,148,147,137,109,77,53,128,139,160,182,199,234,258,259,242,207,160,131,157,135,94,107,87,43,14,21,61,130,156,156
"PT_Rec_16_18",145,94,44,4184,259,46,213,99,197,198,91,1161,157,14,52,469,78,96,448,46,50,74,87,109,135,148,147,137,109,77,53,128,139,160,182,199,234,258,259,242,207,160,131,157,135,94,107,87,43,14,21,61,130,156,156
"RS_Kal_16_28",98,100,32,7251,260,-44,304,171,17,188,2,624,73,41,20,201,128,175,138,-44,-26,5,43,87,118,131,129,96,57,10,-20,23,47,102,151,198,235,258,260,224,163,83,36,43,41,44,52,72,73,56,46,44,43,56,54
"RS_Kal_16_29",98,100,32,7251,260,-44,304,171,17,188,2,624,73,41,20,201,128,175,138,-44,-26,5,43,87,118,131,129,96,57,10,-20,23,47,102,151,198,235,258,260,224,163,83,36,43,41,44,52,72,73,56,46,44,43,56,54
"RS_Sla_16_30",113,98,31,7583,275,-32,307,190,25,206,12,640,81,41,22,213,127,196,145,-32,-23,13,61,106,139,152,149,114,69,28,-8,29,54,111,169,218,252,275,275,238,176,99,52,42,44,41,51,68,81,64,51,45,41,53,59
"RS_Sla_16_31",113,98,31,7583,275,-32,307,190,25,206,12,640,81,41,22,213,127,196,145,-32,-23,13,61,106,139,152,149,114,69,28,-8,29,54,111,169,218,252,275,275,238,176,99,52,42,44,41,51,68,81,64,51,45,41,53,59
"RU_Ale_15_55",43,80,21,10121,233,-135,368,170,-77,170,-89,630,91,27,33,227,93,227,113,-135,-128,-72,9,70,112,132,115,66,14,-47,-99,-71,-56,2,97,177,218,233,214,151,74,0,-44,38,28,27,42,51,70,91,66,59,59,52,47
"RU_Ale_16_22",43,80,21,10121,233,-135,368,170,-77,170,-89,630,91,27,33,227,93,227,113,-135,-128,-72,9,70,112,132,115,66,14,-47,-99,-71,-56,2,97,177,218,233,214,151,74,0,-44,38,28,27,42,51,70,91,66,59,59,52,47
"RU_Val_14_51",34,88,24,9476,220,-138,358,155,-38,155,-88,704,85,31,30,241,109,241,124,-138,-136,-97,-17,42,90,110,99,53,13,-45,-96,-64,-54,-3,81,161,209,220,203,140,74,2,-38,42,31,37,41,56,74,85,82,70,75,60,51
"RU_Val_16_19",34,88,24,9482,220,-138,358,155,-38,155,-88,707,86,31,30,242,109,242,124,-138,-136,-97,-17,43,90,110,99,53,13,-45,-96,-64,-54,-3,81,162,208,220,203,140,74,2,-38,42,31,37,41,56,74,86,82,70,76,61,51
"RU_Val_16_20",34,88,24,9482,220,-138,358,155,-38,155,-88,707,86,31,30,242,109,242,124,-138,-136,-97,-17,43,90,110,99,53,13,-45,-96,-64,-54,-3,81,162,208,220,203,140,74,2,-38,42,31,37,41,56,74,86,82,70,76,61,51
"RU_Val_16_21",34,88,24,9482,220,-138,358,155,-38,155,-88,707,86,31,30,242,109,242,124,-138,-136,-97,-17,43,90,110,99,53,13,-45,-96,-64,-54,-3,81,162,208,220,203,140,74,2,-38,42,31,37,41,56,74,86,82,70,76,61,51
"RU_tul_15_37",47,85,22,10332,238,-134,372,175,-78,175,-87,609,84,29,31,222,96,222,112,-134,-130,-74,15,76,115,131,117,68,15,-45,-94,-67,-57,-4,104,189,227,238,226,165,85,6,-37,38,29,29,41,49,71,84,67,56,51,49,45
"RU_val_15_36",34,88,24,9482,220,-138,358,155,-38,155,-88,707,86,31,30,242,109,242,124,-138,-136,-97,-17,43,90,110,99,53,13,-45,-96,-64,-54,-3,81,162,208,220,203,140,74,2,-38,42,31,37,41,56,74,86,82,70,76,61,51
"RU_val_15_38",34,88,24,9482,220,-138,358,155,-38,155,-88,707,86,31,30,242,109,242,124,-138,-136,-97,-17,43,90,110,99,53,13,-45,-96,-64,-54,-3,81,162,208,220,203,140,74,2,-38,42,31,37,41,56,74,86,82,70,76,61,51
"SE_Lun_14_30",79,61,26,6160,202,-27,229,153,25,160,5,645,67,34,22,197,113,185,152,-23,-27,-8,24,72,112,131,127,100,67,13,-1,23,24,50,93,148,190,202,199,163,118,69,35,55,34,42,37,41,51,67,67,63,63,62,63
"SE_Lun_15_14",79,61,26,6160,202,-27,229,153,25,160,5,645,67,34,22,197,113,185,152,-23,-27,-8,24,72,112,131,127,100,67,13,-1,23,24,50,93,148,190,202,199,163,118,69,35,55,34,42,37,41,51,67,67,63,63,62,63
"SE_Lun_15_15",79,61,26,6160,202,-27,229,153,25,160,5,645,67,34,22,197,113,185,152,-23,-27,-8,24,72,112,131,127,100,67,13,-1,23,24,50,93,148,190,202,199,163,118,69,35,55,34,42,37,41,51,67,67,63,63,62,63
"TR_Yes_14_03",118,117,35,7442,297,-29,326,20,209,212,20,449,61,14,39,162,52,69,162,-29,-17,10,52,90,122,149,145,109,65,25,-3,43,65,117,172,219,262,297,297,259,196,128,65,57,44,43,43,53,36,19,14,19,27,33,61
"TR_Yes_14_04",118,117,35,7442,297,-29,326,20,209,212,20,449,61,14,39,162,52,69,162,-29,-17,10,52,90,122,149,145,109,65,25,-3,43,65,117,172,219,262,297,297,259,196,128,65,57,44,43,43,53,36,19,14,19,27,33,61
"TR_Yes_15_3",118,117,35,7442,297,-29,326,20,209,212,20,449,61,14,39,162,52,69,162,-29,-17,10,52,90,122,149,145,109,65,25,-3,43,65,117,172,219,262,297,297,259,196,128,65,57,44,43,43,53,36,19,14,19,27,33,61
"TR_Yes_15_4",118,117,35,7442,297,-29,326,20,209,212,20,449,61,14,39,162,52,69,162,-29,-17,10,52,90,122,149,145,109,65,25,-3,43,65,117,172,219,262,297,297,259,196,128,65,57,44,43,43,53,36,19,14,19,27,33,61
"TR_Yes_15_5",118,117,35,7442,297,-29,326,20,209,212,20,449,61,14,39,162,52,69,162,-29,-17,10,52,90,122,149,145,109,65,25,-3,43,65,117,172,219,262,297,297,259,196,128,65,57,44,43,43,53,36,19,14,19,27,33,61
"TR_Yes_15_6",118,117,35,7442,297,-29,326,20,209,212,20,449,61,14,39,162,52,69,162,-29,-17,10,52,90,122,149,145,109,65,25,-3,43,65,117,172,219,262,297,297,259,196,128,65,57,44,43,43,53,36,19,14,19,27,33,61
"TR_Yes_15_7",118,117,35,7442,297,-29,326,20,209,212,20,449,61,14,39,162,52,69,162,-29,-17,10,52,90,122,149,145,109,65,25,-3,43,65,117,172,219,262,297,297,259,196,128,65,57,44,43,43,53,36,19,14,19,27,33,61
"TR_Yes_15_8",118,117,35,7442,297,-29,326,20,209,212,20,449,61,14,39,162,52,69,162,-29,-17,10,52,90,122,149,145,109,65,25,-3,43,65,117,172,219,262,297,297,259,196,128,65,57,44,43,43,53,36,19,14,19,27,33,61
"TR_Yes_16_39",118,117,35,7442,297,-29,326,20,209,212,20,449,61,14,39,162,52,69,162,-29,-17,10,52,90,122,149,145,109,65,25,-3,43,65,117,172,219,262,297,297,259,196,128,65,57,44,43,43,53,36,19,14,19,27,33,61
"TR_Yes_16_40",118,117,35,7442,297,-29,326,20,209,212,20,449,61,14,39,162,52,69,162,-29,-17,10,52,90,122,149,145,109,65,25,-3,43,65,117,172,219,262,297,297,259,196,128,65,57,44,43,43,53,36,19,14,19,27,33,61
"TR_Yes_16_41",118,117,35,7442,297,-29,326,20,209,212,20,449,61,14,39,162,52,69,162,-29,-17,10,52,90,122,149,145,109,65,25,-3,43,65,117,172,219,262,297,297,259,196,128,65,57,44,43,43,53,36,19,14,19,27,33,61
"TR_Yes_16_42",118,117,35,7442,297,-29,326,20,209,212,20,449,61,14,39,162,52,69,162,-29,-17,10,52,90,122,149,145,109,65,25,-3,43,65,117,172,219,262,297,297,259,196,128,65,57,44,43,43,53,36,19,14,19,27,33,61
"TR_Yes_16_43",118,117,35,7442,297,-29,326,20,209,212,20,449,61,14,39,162,52,69,162,-29,-17,10,52,90,122,149,145,109,65,25,-3,43,65,117,172,219,262,297,297,259,196,128,65,57,44,43,43,53,36,19,14,19,27,33,61
"TR_Yes_16_52",118,117,35,7442,297,-29,326,20,209,212,20,449,61,14,39,162,52,69,162,-29,-17,10,52,90,122,149,145,109,65,25,-3,43,65,117,172,219,262,297,297,259,196,128,65,57,44,43,43,53,36,19,14,19,27,33,61
"UA_Che_14_28",75,84,24,9054,247,-90,337,186,-35,186,-45,620,87,34,32,233,108,233,120,-90,-79,-34,38,94,127,139,130,87,39,-6,-51,-30,-14,38,133,204,236,247,239,188,119,43,-1,40,34,34,45,50,80,87,66,51,40,47,46
"UA_Che_14_29",74,84,24,9065,246,-91,337,185,-36,185,-45,621,88,33,33,236,107,236,119,-91,-80,-35,37,93,127,138,129,86,38,-7,-51,-30,-15,37,132,203,236,246,239,188,119,43,-1,40,34,33,45,50,81,88,67,51,40,47,45
"UA_Che_14_47",75,84,25,9055,247,-89,336,187,-34,187,-44,619,86,34,31,232,110,232,122,-89,-78,-33,39,95,129,140,131,88,40,-6,-50,-29,-13,39,134,204,237,247,240,189,120,44,-1,41,35,34,45,50,80,86,66,50,39,47,46
"UA_Che_14_48",74,85,25,8942,245,-90,335,183,-35,183,-44,627,91,33,34,241,105,241,116,-90,-79,-35,35,90,124,136,127,86,38,-6,-51,-29,-13,38,132,201,235,245,238,188,119,44,-1,39,33,33,46,52,81,91,69,52,40,47,44
"UA_Cho_15_24",75,84,25,9055,247,-89,336,187,-34,187,-44,619,86,34,31,232,110,232,122,-89,-78,-33,39,95,129,140,131,88,40,-6,-50,-29,-13,39,134,204,237,247,240,189,120,44,-1,41,35,34,45,50,80,86,66,50,39,47,46
"UA_Cho_15_25",75,84,25,9055,247,-89,336,187,-34,187,-44,619,86,34,31,232,110,232,122,-89,-78,-33,39,95,129,140,131,88,40,-6,-50,-29,-13,39,134,204,237,247,240,189,120,44,-1,41,35,34,45,50,80,86,66,50,39,47,46
"UA_Cho_15_26",75,84,24,9054,247,-90,337,186,-35,186,-45,620,87,34,32,233,108,233,120,-90,-79,-34,38,94,127,139,130,87,39,-6,-51,-30,-14,38,133,204,236,247,239,188,119,43,-1,40,34,34,45,50,80,87,66,51,40,47,46
"UA_Cho_15_27",74,84,24,9065,246,-91,337,185,-36,185,-45,621,88,33,33,236,107,236,119,-91,-80,-35,37,93,127,138,129,86,38,-7,-51,-30,-15,37,132,203,236,246,239,188,119,43,-1,40,34,33,45,50,81,88,67,51,40,47,45
"UA_Cho_15_65",75,84,24,9054,247,-90,337,186,-35,186,-45,620,87,34,32,233,108,233,120,-90,-79,-34,38,94,127,139,130,87,39,-6,-51,-30,-14,38,133,204,236,247,239,188,119,43,-1,40,34,34,45,50,80,87,66,51,40,47,46
"UA_Cho_15_67",75,84,25,9055,247,-89,336,187,-34,187,-44,619,86,34,31,232,110,232,122,-89,-78,-33,39,95,129,140,131,88,40,-6,-50,-29,-13,39,134,204,237,247,240,189,120,44,-1,41,35,34,45,50,80,86,66,50,39,47,46
"UA_Cho_15_68",74,85,25,8942,245,-90,335,183,-35,183,-44,627,91,33,34,241,105,241,116,-90,-79,-35,35,90,124,136,127,86,38,-6,-51,-29,-13,38,132,201,235,245,238,188,119,44,-1,39,33,33,46,52,81,91,69,52,40,47,44
"UA_Cho_15_69",75,84,25,9055,247,-89,336,187,-34,187,-44,619,86,34,31,232,110,232,122,-89,-78,-33,39,95,129,140,131,88,40,-6,-50,-29,-13,39,134,204,237,247,240,189,120,44,-1,41,35,34,45,50,80,86,66,50,39,47,46
"UA_Cho_15_70",75,84,25,9055,247,-89,336,187,-34,187,-44,619,86,34,31,232,110,232,122,-89,-78,-33,39,95,129,140,131,88,40,-6,-50,-29,-13,39,134,204,237,247,240,189,120,44,-1,41,35,34,45,50,80,86,66,50,39,47,46
"UA_Cho_16_54",75,84,25,9055,247,-89,336,187,-34,187,-44,619,86,34,31,232,110,232,122,-89,-78,-33,39,95,129,140,131,88,40,-6,-50,-29,-13,39,134,204,237,247,240,189,120,44,-1,41,35,34,45,50,80,86,66,50,39,47,46
"UA_Cho_16_55",75,84,24,9054,247,-90,337,186,-35,186,-45,620,87,34,32,233,108,233,120,-90,-79,-34,38,94,127,139,130,87,39,-6,-51,-30,-14,38,133,204,236,247,239,188,119,43,-1,40,34,34,45,50,80,87,66,51,40,47,46
"UA_Cho_16_62",74,84,24,9065,246,-91,337,185,-36,185,-45,621,88,33,33,236,107,236,119,-91,-80,-35,37,93,127,138,129,86,38,-7,-51,-30,-15,37,132,203,236,246,239,188,119,43,-1,40,34,33,45,50,81,88,67,51,40,47,45
"UA_Dro_14_27",77,82,27,7632,231,-66,297,157,-13,171,-25,712,97,37,34,269,115,267,126,-66,-49,-14,36,82,111,126,120,87,42,1,-38,-9,5,58,129,186,214,231,226,185,131,59,10,38,37,40,51,78,97,94,76,58,47,45,51
"UA_Dro_15_10",77,82,27,7632,231,-66,297,157,-13,171,-25,712,97,37,34,269,115,267,126,-66,-49,-14,36,82,111,126,120,87,42,1,-38,-9,5,58,129,186,214,231,226,185,131,59,10,38,37,40,51,78,97,94,76,58,47,45,51
"UA_Dro_16_56",77,82,27,7632,231,-66,297,157,-13,171,-25,712,97,37,34,269,115,267,126,-66,-49,-14,36,82,111,126,120,87,42,1,-38,-9,5,58,129,186,214,231,226,185,131,59,10,38,37,40,51,78,97,94,76,58,47,45,51
"UA_Kan_16_57",79,84,24,9217,256,-82,338,194,-32,194,-40,567,77,32,28,204,107,204,122,-82,-75,-32,41,101,136,150,139,90,40,-7,-47,-23,-13,37,135,206,241,256,248,195,125,48,3,39,36,32,45,45,72,77,55,44,33,42,47
"UA_Kha_14_45",76,82,23,9816,259,-94,353,183,8,198,-52,528,61,29,20,168,97,167,120,-94,-88,-37,41,101,138,155,145,94,36,-15,-59,-34,-26,27,133,206,242,259,252,193,118,39,-8,44,32,29,36,48,59,61,47,46,38,44,44
"UA_Kha_14_46",76,82,23,9816,259,-94,353,183,8,198,-52,528,61,29,20,168,97,167,120,-94,-88,-37,41,101,138,155,145,94,36,-15,-59,-34,-26,27,133,206,242,259,252,193,118,39,-8,44,32,29,36,48,59,61,47,46,38,44,44
"UA_Kha_15_19",76,82,23,9816,259,-94,353,183,8,198,-52,528,61,29,20,168,97,167,120,-94,-88,-37,41,101,138,155,145,94,36,-15,-59,-34,-26,27,133,206,242,259,252,193,118,39,-8,44,32,29,36,48,59,61,47,46,38,44,44
"UA_Kha_16_58",76,82,23,9816,259,-94,353,183,8,198,-52,528,61,29,20,168,97,167,120,-94,-88,-37,41,101,138,155,145,94,36,-15,-59,-34,-26,27,133,206,242,259,252,193,118,39,-8,44,32,29,36,48,59,61,47,46,38,44,44
"UA_Kyi_14_23",78,81,24,9037,246,-83,329,189,-31,189,-41,636,86,36,27,226,122,226,136,-83,-73,-29,41,100,133,145,136,92,41,-5,-47,-27,-13,40,135,204,235,246,240,190,122,46,0,45,41,36,49,53,75,86,65,51,37,48,50
"UA_Kyi_14_24",78,81,24,9037,246,-83,329,189,-31,189,-41,636,86,36,27,226,122,226,136,-83,-73,-29,41,100,133,145,136,92,41,-5,-47,-27,-13,40,135,204,235,246,240,190,122,46,0,45,41,36,49,53,75,86,65,51,37,48,50
"UA_Kyi_14_49",78,81,24,9037,246,-83,329,189,-31,189,-41,636,86,36,27,226,122,226,136,-83,-73,-29,41,100,133,145,136,92,41,-5,-47,-27,-13,40,135,204,235,246,240,190,122,46,0,45,41,36,49,53,75,86,65,51,37,48,50
"UA_Kyi_15_64",78,81,24,9024,245,-84,329,188,-32,188,-41,636,86,36,27,227,120,227,133,-84,-74,-30,40,99,132,145,136,92,41,-4,-46,-27,-12,40,135,205,235,245,240,191,122,46,0,44,40,36,49,54,76,86,65,52,37,48,49
"UA_Kyi_16_44",78,81,24,9024,245,-84,329,188,-32,188,-41,636,86,36,27,227,120,227,133,-84,-74,-30,40,99,132,145,136,92,41,-4,-46,-27,-12,40,135,205,235,245,240,191,122,46,0,44,40,36,49,54,76,86,65,52,37,48,49
"UA_Kyi_16_45",78,81,24,9024,245,-84,329,188,-32,188,-41,636,86,36,27,227,120,227,133,-84,-74,-30,40,99,132,145,136,92,41,-4,-46,-27,-12,40,135,205,235,245,240,191,122,46,0,44,40,36,49,54,76,86,65,52,37,48,49
"UA_Kyi_16_59",78,81,24,9024,245,-84,329,188,-32,188,-41,636,86,36,27,227,120,227,133,-84,-74,-30,40,99,132,145,136,92,41,-4,-46,-27,-12,40,135,205,235,245,240,191,122,46,0,44,40,36,49,54,76,86,65,52,37,48,49
"UA_Ode_14_19",104,65,21,8350,263,-38,301,190,166,211,-2,456,49,26,16,133,99,130,121,-38,-32,1,62,118,158,179,174,133,80,32,-10,12,18,55,127,190,236,263,256,209,148,85,40,38,38,30,32,39,45,49,36,37,26,41,45
"UA_Ode_14_20",104,65,21,8350,263,-38,301,190,166,211,-2,456,49,26,16,133,99,130,121,-38,-32,1,62,118,158,179,174,133,80,32,-10,12,18,55,127,190,236,263,256,209,148,85,40,38,38,30,32,39,45,49,36,37,26,41,45
"UA_Ode_14_21",104,65,21,8350,263,-38,301,190,166,211,-2,456,49,26,16,133,99,130,121,-38,-32,1,62,118,158,179,174,133,80,32,-10,12,18,55,127,190,236,263,256,209,148,85,40,38,38,30,32,39,45,49,36,37,26,41,45
"UA_Ode_14_22",104,65,21,8350,263,-38,301,190,166,211,-2,456,49,26,16,133,99,130,121,-38,-32,1,62,118,158,179,174,133,80,32,-10,12,18,55,127,190,236,263,256,209,148,85,40,38,38,30,32,39,45,49,36,37,26,41,45
"UA_Ode_15_11",104,65,21,8350,263,-38,301,190,166,211,-2,456,49,26,16,133,99,130,121,-38,-32,1,62,118,158,179,174,133,80,32,-10,12,18,55,127,190,236,263,256,209,148,85,40,38,38,30,32,39,45,49,36,37,26,41,45
"UA_Ode_15_20",104,65,21,8350,263,-38,301,190,166,211,-2,456,49,26,16,133,99,130,121,-38,-32,1,62,118,158,179,174,133,80,32,-10,12,18,55,127,190,236,263,256,209,148,85,40,38,38,30,32,39,45,49,36,37,26,41,45
"UA_Ode_15_22",104,65,21,8350,263,-38,301,190,166,211,-2,456,49,26,16,133,99,130,121,-38,-32,1,62,118,158,179,174,133,80,32,-10,12,18,55,127,190,236,263,256,209,148,85,40,38,38,30,32,39,45,49,36,37,26,41,45
"UA_Ode_15_66",104,65,21,8350,263,-38,301,190,166,211,-2,456,49,26,16,133,99,130,121,-38,-32,1,62,118,158,179,174,133,80,32,-10,12,18,55,127,190,236,263,256,209,148,85,40,38,38,30,32,39,45,49,36,37,26,41,45
"UA_Ode_16_46",104,65,21,8350,263,-38,301,190,166,211,-2,456,49,26,16,133,99,130,121,-38,-32,1,62,118,158,179,174,133,80,32,-10,12,18,55,127,190,236,263,256,209,148,85,40,38,38,30,32,39,45,49,36,37,26,41,45
"UA_Ode_16_47",104,65,21,8350,263,-38,301,190,166,211,-2,456,49,26,16,133,99,130,121,-38,-32,1,62,118,158,179,174,133,80,32,-10,12,18,55,127,190,236,263,256,209,148,85,40,38,38,30,32,39,45,49,36,37,26,41,45
"UA_Pyr_14_26",80,87,25,9311,257,-86,343,195,-33,195,-41,591,76,36,25,205,116,205,133,-86,-79,-32,43,101,135,148,139,91,40,-8,-49,-22,-13,39,139,212,244,257,252,201,128,48,5,42,38,36,46,41,70,76,59,46,37,47,53
"UA_Pyr_15_21",80,87,25,9311,257,-86,343,195,-33,195,-41,591,76,36,25,205,116,205,133,-86,-79,-32,43,101,135,148,139,91,40,-8,-49,-22,-13,39,139,212,244,257,252,201,128,48,5,42,38,36,46,41,70,76,59,46,37,47,53
"UA_Pir_16_48",74,84,24,9065,246,-91,337,185,-36,185,-45,621,88,33,33,236,107,236,119,-91,-80,-35,37,93,127,138,129,86,38,-7,-51,-30,-15,37,132,203,236,246,239,188,119,43,-1,40,34,33,45,50,81,88,67,51,40,47,45
"UA_Pyr_16_49",76,87,25,9345,253,-90,343,191,-38,191,-46,600,78,37,25,209,117,209,133,-90,-83,-37,39,98,131,145,134,86,35,-12,-53,-27,-18,34,134,208,239,253,247,195,123,44,0,43,37,37,46,43,71,78,60,46,38,48,53
"UA_Uma_14_50",72,82,25,8774,241,-85,326,169,21,181,-42,617,87,33,33,230,120,227,133,-85,-75,-34,35,92,126,137,126,82,30,-12,-49,-27,-15,34,127,193,227,241,233,184,115,43,1,45,42,34,45,57,86,87,54,47,33,41,46
"UA_Uma_15_9",72,82,25,8774,241,-85,326,169,21,181,-42,617,87,33,33,230,120,227,133,-85,-75,-34,35,92,126,137,126,82,30,-12,-49,-27,-15,34,127,193,227,241,233,184,115,43,1,45,42,34,45,57,86,87,54,47,33,41,46
"UA_Uma_16_50",72,82,25,8774,241,-85,326,169,21,181,-42,617,87,33,33,230,120,227,133,-85,-75,-34,35,92,126,137,126,82,30,-12,-49,-27,-15,34,127,193,227,241,233,184,115,43,1,45,42,34,45,57,86,87,54,47,33,41,46
"UA_Uma_16_51",72,82,25,8774,241,-85,326,169,21,181,-42,617,87,33,33,230,120,227,133,-85,-75,-34,35,92,126,137,126,82,30,-12,-49,-27,-15,34,127,193,227,241,233,184,115,43,1,45,42,34,45,57,86,87,54,47,33,41,46
"UA_Var_14_25",77,87,25,9347,254,-90,344,192,-36,192,-44,606,78,38,24,209,121,209,138,-90,-82,-36,41,99,132,146,136,88,37,-11,-52,-25,-16,35,136,210,241,254,249,198,125,45,2,44,39,38,46,43,70,78,61,46,38,48,55
"UA_Var_15_18",77,87,25,9347,254,-90,344,192,-36,192,-44,606,78,38,24,209,121,209,138,-90,-82,-36,41,99,132,146,136,88,37,-11,-52,-25,-16,35,136,210,241,254,249,198,125,45,2,44,39,38,46,43,70,78,61,46,38,48,55
"UA_Var_16_60",77,87,25,9347,254,-90,344,192,-36,192,-44,606,78,38,24,209,121,209,138,-90,-82,-36,41,99,132,146,136,88,37,-11,-52,-25,-16,35,136,210,241,254,249,198,125,45,2,44,39,38,46,43,70,78,61,46,38,48,55
"UA_Yal_14_16",102,86,29,7294,259,-33,292,31,157,197,11,627,82,39,23,209,129,149,207,-33,-28,-7,45,93,132,156,150,110,65,30,-4,34,40,71,138,190,232,259,254,211,154,102,60,71,54,46,39,46,57,47,45,42,42,56,82
"UA_Yal_14_18",102,86,29,7294,259,-33,292,31,157,197,11,627,82,39,23,209,129,149,207,-33,-28,-7,45,93,132,156,150,110,65,30,-4,34,40,71,138,190,232,259,254,211,154,102,60,71,54,46,39,46,57,47,45,42,42,56,82
"UA_Yal_15_23",102,86,29,7294,259,-33,292,31,157,197,11,627,82,39,23,209,129,149,207,-33,-28,-7,45,93,132,156,150,110,65,30,-4,34,40,71,138,190,232,259,254,211,154,102,60,71,54,46,39,46,57,47,45,42,42,56,82
"UA_Yal_15_63",102,86,29,7294,259,-33,292,31,157,197,11,627,82,39,23,209,129,149,207,-33,-28,-7,45,93,132,156,150,110,65,30,-4,34,40,71,138,190,232,259,254,211,154,102,60,71,54,46,39,46,57,47,45,42,42,56,82
"UA_Yal_16_61",102,86,29,7294,259,-33,292,31,157,197,11,627,82,39,23,209,129,149,207,-33,-28,-7,45,93,132,156,150,110,65,30,-4,34,40,71,138,190,232,259,254,211,154,102,60,71,54,46,39,46,57,47,45,42,42,56,82
"UK_Dai_15_52",82,74,37,4428,188,-7,195,115,48,140,26,677,67,43,14,193,136,172,172,-6,-7,13,34,58,93,104,99,80,52,19,3,53,56,84,114,142,179,188,182,158,124,83,63,67,44,49,43,51,51,56,65,63,65,62,61
"UK_Dai_16_23",82,74,37,4428,188,-7,195,115,48,140,26,677,67,43,14,193,136,172,172,-6,-7,13,34,58,93,104,99,80,52,19,3,53,56,84,114,142,179,188,182,158,124,83,63,67,44,49,43,51,51,56,65,63,65,62,61
"UK_Lut_14_13",93,75,35,4883,211,-2,213,40,57,157,32,645,61,42,10,174,139,169,158,-2,3,22,43,72,101,119,114,93,63,29,11,54,61,92,122,159,193,211,205,178,136,88,66,56,42,50,47,54,55,53,61,55,54,58,60
"UK_Mar_14_12",95,75,34,4946,214,-1,215,159,59,159,33,624,60,40,10,167,134,167,150,-1,5,24,46,75,104,122,117,95,65,30,12,55,62,95,124,162,195,214,208,180,138,89,67,53,40,48,46,53,55,52,60,53,51,56,57
"UK_Mar_15_42",94,75,34,4911,214,-1,215,41,58,158,33,630,60,41,9,168,136,167,153,-1,5,24,45,74,103,121,116,95,65,30,12,55,62,94,124,161,194,214,207,180,138,89,67,54,41,49,46,53,55,52,60,54,52,56,58
"UK_Mar_16_53",94,75,34,4911,214,-1,215,41,58,158,33,630,60,41,9,168,136,167,153,-1,5,24,45,74,103,121,116,95,65,30,12,55,62,94,124,161,194,214,207,180,138,89,67,54,41,49,46,53,55,52,60,54,52,56,58
"UK_She_14_09",92,72,36,4511,201,6,195,45,136,151,36,820,82,59,11,237,183,194,220,7,6,20,39,68,98,114,112,93,66,32,15,61,63,88,117,155,187,201,197,172,135,90,69,78,60,68,60,61,63,59,72,70,70,77,82
"UK_She_15_17",92,72,36,4511,201,6,195,45,136,151,36,820,82,59,11,237,183,194,220,7,6,20,39,68,98,114,112,93,66,32,15,61,63,88,117,155,187,201,197,172,135,90,69,78,60,68,60,61,63,59,72,70,70,77,82
"UK_Sou_14_10",85,74,38,4253,190,0,190,120,52,141,33,702,71,41,17,209,135,181,168,1,0,16,34,60,90,105,103,83,59,22,9,60,64,87,115,146,177,190,186,161,131,87,68,62,44,50,41,53,51,62,68,70,71,68,62
"ES_ba_12_spring",164,70,32,5064,279,65,214,175,230,231,103,609,92,25,33,223,118,149,123,65,73,90,107,137,174,202,202,183,143,102,76,130,140,160,185,217,253,279,274,251,208,165,137,39,36,45,48,52,42,25,51,73,92,58,48
"ES_ba_12_fall",164,70,32,5064,279,65,214,175,230,231,103,609,92,25,33,223,118,149,123,65,73,90,107,137,174,202,202,183,143,102,76,130,140,160,185,217,253,279,274,251,208,165,137,39,36,45,48,52,42,25,51,73,92,58,48
"FL_ho_10_spring",236,98,52,3213,321,133,188,272,192,274,192,1548,251,36,60,630,135,614,135,133,138,156,176,200,223,229,231,230,209,174,144,243,249,265,283,299,311,320,321,315,295,270,250,49,50,58,74,169,251,181,198,235,185,62,36
"FL_ho_10_fall",236,98,52,3213,321,133,188,272,192,274,192,1548,251,36,60,630,135,614,135,133,138,156,176,200,223,229,231,230,209,174,144,243,249,265,283,299,311,320,321,315,295,270,250,49,50,58,74,169,251,181,198,235,185,62,36
"GA_ha_08_spring",193,126,43,6122,330,42,288,269,153,269,113,1240,154,56,27,419,197,419,291,42,57,88,124,166,202,215,214,193,133,82,51,167,186,221,261,299,324,330,330,307,263,217,178,100,114,122,90,97,122,154,143,101,56,64,77
"MA_la_12_spring",86,120,31,9102,276,-104,380,42,178,200,-36,1149,114,88,7,314,273,273,287,-104,-94,-41,13,69,123,152,141,94,36,-6,-71,7,21,70,138,203,250,276,265,223,167,99,29,93,89,98,97,93,92,88,93,92,95,114,105
"MA_la_12_fall",86,120,31,9102,276,-104,380,42,178,200,-36,1149,114,88,7,314,273,273,287,-104,-94,-41,13,69,123,152,141,94,36,-6,-71,7,21,70,138,203,250,276,265,223,167,99,29,93,89,98,97,93,92,88,93,92,95,114,105
"ME_bo_09_fall.r1",74,108,28,9371,262,-118,380,30,184,192,-51,1148,122,80,12,332,249,253,288,-118,-108,-51,7,63,117,149,140,94,36,-11,-80,-11,3,49,115,181,232,262,253,208,148,79,12,93,86,105,101,93,89,80,84,85,101,122,109
"ME_bo_09_fall.r2",74,108,28,9371,262,-118,380,30,184,192,-51,1148,122,80,12,332,249,253,288,-118,-108,-51,7,63,117,149,140,94,36,-11,-80,-11,3,49,115,181,232,262,253,208,148,79,12,93,86,105,101,93,89,80,84,85,101,122,109
"NC_ra_03_n",154,126,37,7540,317,-15,332,249,108,249,54,1142,118,76,13,331,246,331,278,-15,-3,38,82,132,177,199,195,157,89,43,2,102,121,169,225,264,300,317,310,280,225,175,120,95,97,103,76,106,100,118,113,88,79,81,86
"NY_it_12_spring",83,114,31,9016,273,-94,367,196,-28,196,-37,897,96,49,19,267,161,267,164,-94,-91,-44,12,65,116,142,134,95,37,-3,-62,-1,10,59,133,198,248,273,264,222,161,89,22,49,50,62,76,82,96,87,84,87,78,81,65
"NY_it_12_fall",83,114,31,9016,273,-94,367,196,-28,196,-37,897,96,49,19,267,161,267,164,-94,-91,-44,12,65,116,142,134,95,37,-3,-62,-1,10,59,133,198,248,273,264,222,161,89,22,49,50,62,76,82,96,87,84,87,78,81,65
"PA_li_12_spring",121,104,29,8795,300,-50,350,225,5,233,5,1124,112,76,11,313,250,310,250,-50,-40,3,54,112,162,190,182,139,75,27,-22,35,52,105,168,227,276,300,290,249,187,125,61,83,76,94,96,104,96,112,102,99,77,94,91
"PA_li_11_fall",121,104,29,8795,300,-50,350,225,5,233,5,1124,112,76,11,313,250,310,250,-50,-40,3,54,112,162,190,182,139,75,27,-22,35,52,105,168,227,276,300,290,249,187,125,61,83,76,94,96,104,96,112,102,99,77,94,91
"PA_li_12_fall",121,104,29,8795,300,-50,350,225,5,233,5,1124,112,76,11,313,250,310,250,-50,-40,3,54,112,162,190,182,139,75,27,-22,35,52,105,168,227,276,300,290,249,187,125,61,83,76,94,96,104,96,112,102,99,77,94,91
"PA_li_09_fall",121,104,29,8795,300,-50,350,225,5,233,5,1124,112,76,11,313,250,310,250,-50,-40,3,54,112,162,190,182,139,75,27,-22,35,52,105,168,227,276,300,290,249,187,125,61,83,76,94,96,104,96,112,102,99,77,94,91
"PA_li_10_fall",121,104,29,8795,300,-50,350,225,5,233,5,1124,112,76,11,313,250,310,250,-50,-40,3,54,112,162,190,182,139,75,27,-22,35,52,105,168,227,276,300,290,249,187,125,61,83,76,94,96,104,96,112,102,99,77,94,91
"PA_li_11_frost",121,104,29,8795,300,-50,350,225,5,233,5,1124,112,76,11,313,250,310,250,-50,-40,3,54,112,162,190,182,139,75,27,-22,35,52,105,168,227,276,300,290,249,187,125,61,83,76,94,96,104,96,112,102,99,77,94,91
"PA_li_09_spring",121,104,29,8795,300,-50,350,225,5,233,5,1124,112,76,11,313,250,310,250,-50,-40,3,54,112,162,190,182,139,75,27,-22,35,52,105,168,227,276,300,290,249,187,125,61,83,76,94,96,104,96,112,102,99,77,94,91
"PA_li_10_spring",121,104,29,8795,300,-50,350,225,5,233,5,1124,112,76,11,313,250,310,250,-50,-40,3,54,112,162,190,182,139,75,27,-22,35,52,105,168,227,276,300,290,249,187,125,61,83,76,94,96,104,96,112,102,99,77,94,91
"PA_li_11_spring",121,104,29,8795,300,-50,350,225,5,233,5,1124,112,76,11,313,250,310,250,-50,-40,3,54,112,162,190,182,139,75,27,-22,35,52,105,168,227,276,300,290,249,187,125,61,83,76,94,96,104,96,112,102,99,77,94,91
"PA_li_12_sum",121,104,29,8795,300,-50,350,225,5,233,5,1124,112,76,11,313,250,310,250,-50,-40,3,54,112,162,190,182,139,75,27,-22,35,52,105,168,227,276,300,290,249,187,125,61,83,76,94,96,104,96,112,102,99,77,94,91
"SC_eu_10_spring",177,132,41,6782,330,12,318,261,135,261,86,1227,144,60,25,423,221,423,279,12,26,65,103,148,188,208,205,176,111,63,26,139,161,205,250,287,316,330,323,296,250,204,157,97,96,109,77,104,135,144,144,100,75,60,86
"VA_ch_12_spring",134,128,36,8117,311,-41,352,229,27,237,27,1118,115,76,13,319,234,315,234,-41,-28,12,61,114,160,184,176,137,71,24,-19,72,91,143,205,251,291,311,302,267,209,151,90,76,78,93,81,108,92,115,108,96,104,87,80
"VA_ch_12_fall",134,128,36,8117,311,-41,352,229,27,237,27,1118,115,76,13,319,234,315,234,-41,-28,12,61,114,160,184,176,137,71,24,-19,72,91,143,205,251,291,311,302,267,209,151,90,76,78,93,81,108,92,115,108,96,104,87,80
"AT_gr_12_spring",98,96,32,7226,260,-38,298,190,17,190,4,631,76,35,26,217,116,217,118,-38,-26,2,43,88,123,137,133,95,49,13,-19,24,47,98,155,206,238,260,254,208,149,79,37,35,39,42,49,65,76,74,67,49,42,49,44
"AT_gr_12_fall",98,96,32,7226,260,-38,298,190,17,190,4,631,76,35,26,217,116,217,118,-38,-26,2,43,88,123,137,133,95,49,13,-19,24,47,98,155,206,238,260,254,208,149,79,37,35,39,42,49,65,76,74,67,49,42,49,44
"WI_cp_12_spring",76,116,27,10626,282,-141,423,206,-70,206,-70,815,102,26,40,298,93,298,93,-141,-116,-50,17,77,130,156,142,96,35,-29,-104,-38,-8,55,140,208,259,282,268,222,158,69,-11,26,26,55,76,83,99,97,102,97,60,53,41
"WI_cp_12_fall",76,116,27,10626,282,-141,423,206,-70,206,-70,815,102,26,40,298,93,298,93,-141,-116,-50,17,77,130,156,142,96,35,-29,-104,-38,-8,55,140,208,259,282,268,222,158,69,-11,26,26,55,76,83,99,97,102,97,60,53,41
"WI_cp_12_frost",76,116,27,10626,282,-141,423,206,-70,206,-70,815,102,26,40,298,93,298,93,-141,-116,-50,17,77,130,156,142,96,35,-29,-104,-38,-8,55,140,208,259,282,268,222,158,69,-11,26,26,55,76,83,99,97,102,97,60,53,41
"CA_es_12_spring",160,164,48,6203,357,17,340,82,239,239,82,549,119,1,90,302,7,7,302,17,36,48,64,95,128,144,137,118,86,47,19,130,163,185,223,275,323,357,349,317,264,183,132,119,93,76,31,9,4,1,2,9,32,83,90
"WI_cp_13_spring",76,116,27,10626,282,-141,423,206,-70,206,-70,815,102,26,40,298,93,298,93,-141,-116,-50,17,77,130,156,142,96,35,-29,-104,-38,-8,55,140,208,259,282,268,222,158,69,-11,26,26,55,76,83,99,97,102,97,60,53,41
"WI_cp_13_fall",76,116,27,10626,282,-141,423,206,-70,206,-70,815,102,26,40,298,93,298,93,-141,-116,-50,17,77,130,156,142,96,35,-29,-104,-38,-8,55,140,208,259,282,268,222,158,69,-11,26,26,55,76,83,99,97,102,97,60,53,41
"PA_li_13_spring",121,104,29,8795,300,-50,350,225,5,233,5,1124,112,76,11,313,250,310,250,-50,-40,3,54,112,162,190,182,139,75,27,-22,35,52,105,168,227,276,300,290,249,187,125,61,83,76,94,96,104,96,112,102,99,77,94,91
"UA_od_13_fall",103,65,21,8356,261,-39,300,189,166,210,-3,458,49,26,16,134,99,131,121,-39,-33,0,62,118,158,178,174,132,80,31,-10,12,17,55,127,190,235,261,256,210,147,85,39,38,38,30,33,39,46,49,36,37,26,41,45
"UA_od_13_spring",103,65,21,8356,261,-39,300,189,166,210,-3,458,49,26,16,134,99,131,121,-39,-33,0,62,118,158,178,174,132,80,31,-10,12,17,55,127,190,235,261,256,210,147,85,39,38,38,30,33,39,46,49,36,37,26,41,45
"CA_es_12_fall",160,164,48,6203,357,17,340,82,239,239,82,549,119,1,90,302,7,7,302,17,36,48,64,95,128,144,137,118,86,47,19,130,163,185,223,275,323,357,349,317,264,183,132,119,93,76,31,9,4,1,2,9,32,83,90
"CA_pl_12_fall",145,147,45,6345,336,11,325,78,229,230,72,1119,204,4,80,550,20,32,550,11,21,27,47,80,118,151,148,121,83,38,13,125,144,152,186,237,290,336,332,296,240,160,123,204,165,168,96,31,10,4,6,22,67,165,181
"GA_at_14_fall",163,128,39,7265,324,-1,325,82,168,255,67,1248,136,84,15,376,261,303,340,-1,11,49,90,138,181,202,197,165,97,49,13,114,140,185,234,274,309,324,317,285,233,181,130,125,115,136,103,105,93,116,94,87,84,90,100
"GA_at_14_spring",163,128,39,7265,324,-1,325,82,168,255,67,1248,136,84,15,376,261,303,340,-1,11,49,90,138,181,202,197,165,97,49,13,114,140,185,234,274,309,324,317,285,233,181,130,125,115,136,103,105,93,116,94,87,84,90,100
"MI_bh_14_fall",96,103,28,9385,281,-84,365,204,-17,212,-30,945,102,44,19,275,170,261,181,-84,-73,-22,31,85,140,166,155,118,60,7,-50,-5,12,72,144,208,262,281,271,236,170,92,22,60,44,66,91,81,88,85,88,102,79,84,77
"MI_bh_14_spring",96,103,28,9385,281,-84,365,204,-17,212,-30,945,102,44,19,275,170,261,181,-84,-73,-22,31,85,140,166,155,118,60,7,-50,-5,12,72,144,208,262,281,271,236,170,92,22,60,44,66,91,81,88,85,88,102,79,84,77
"VA_ch_14_fall",134,128,36,8117,311,-41,352,229,27,237,27,1118,115,76,13,319,234,315,234,-41,-28,12,61,114,160,184,176,137,71,24,-19,72,91,143,205,251,291,311,302,267,209,151,90,76,78,93,81,108,92,115,108,96,104,87,80
"VA_ch_14_spring",134,128,36,8117,311,-41,352,229,27,237,27,1118,115,76,13,319,234,315,234,-41,-28,12,61,114,160,184,176,137,71,24,-19,72,91,143,205,251,291,311,302,267,209,151,90,76,78,93,81,108,92,115,108,96,104,87,80
"WI_cp_14_spring",76,116,27,10626,282,-141,423,206,-70,206,-70,815,102,26,40,298,93,298,93,-141,-116,-50,17,77,130,156,142,96,35,-29,-104,-38,-8,55,140,208,259,282,268,222,158,69,-11,26,26,55,76,83,99,97,102,97,60,53,41
"WI_cp_14_fall",76,116,27,10626,282,-141,423,206,-70,206,-70,815,102,26,40,298,93,298,93,-141,-116,-50,17,77,130,156,142,96,35,-29,-104,-38,-8,55,140,208,259,282,268,222,158,69,-11,26,26,55,76,83,99,97,102,97,60,53,41
"MA_la_14_fall",86,120,31,9102,276,-104,380,42,178,200,-36,1149,114,88,7,314,273,273,287,-104,-94,-41,13,69,123,152,141,94,36,-6,-71,7,21,70,138,203,250,276,265,223,167,99,29,93,89,98,97,93,92,88,93,92,95,114,105
"MA_la_14_spring",86,120,31,9102,276,-104,380,42,178,200,-36,1149,114,88,7,314,273,273,287,-104,-94,-41,13,69,123,152,141,94,36,-6,-71,7,21,70,138,203,250,276,265,223,167,99,29,93,89,98,97,93,92,88,93,92,95,114,105
"PA_li_14_fall",121,104,29,8795,300,-50,350,225,5,233,5,1124,112,76,11,313,250,310,250,-50,-40,3,54,112,162,190,182,139,75,27,-22,35,52,105,168,227,276,300,290,249,187,125,61,83,76,94,96,104,96,112,102,99,77,94,91
"PA_li_14_spring",121,104,29,8795,300,-50,350,225,5,233,5,1124,112,76,11,313,250,310,250,-50,-40,3,54,112,162,190,182,139,75,27,-22,35,52,105,168,227,276,300,290,249,187,125,61,83,76,94,96,104,96,112,102,99,77,94,91
"PA_st_14_fall",95,112,30,8884,283,-79,362,187,-23,207,-23,982,105,63,15,296,197,286,197,-79,-70,-25,30,82,130,154,145,107,46,4,-48,8,24,81,152,215,261,283,272,230,167,97,30,63,65,83,78,95,105,96,85,85,74,84,69
"PA_st_14_spring",95,112,30,8884,283,-79,362,187,-23,207,-23,982,105,63,15,296,197,286,197,-79,-70,-25,30,82,130,154,145,107,46,4,-48,8,24,81,152,215,261,283,272,230,167,97,30,63,65,83,78,95,105,96,85,85,74,84,69
"KA_to_14_fall",123,124,30,9828,320,-84,404,223,-10,245,-10,905,136,26,46,349,87,329,87,-84,-55,-4,60,118,170,196,183,135,71,1,-57,29,63,123,191,244,291,320,312,267,207,120,50,26,26,60,78,116,136,97,96,108,76,51,35
"KA_to_14_spring",124,122,30,9783,320,-81,401,224,-7,246,-7,900,136,25,45,349,87,331,87,-81,-51,-2,62,120,173,198,185,137,73,2,-54,30,65,123,192,244,292,320,312,267,207,120,52,25,27,60,80,114,136,99,96,103,75,50,35
"WA_se_14_spring",105,106,43,4966,247,1,246,48,169,169,44,1015,155,21,56,461,92,92,417,1,12,18,38,65,95,108,108,88,56,26,11,71,99,118,150,187,216,247,245,216,161,105,78,155,108,99,71,45,41,21,30,47,92,152,154
"CA_st_12_fall",159,148,47,5894,337,27,310,82,231,231,82,394,77,1,83,201,6,6,201,28,44,56,75,102,128,145,141,127,92,53,27,119,159,187,225,270,308,337,330,306,255,175,122,77,62,59,35,10,3,1,2,7,21,55,62
"CA_tu_12_fall",134,151,46,6381,327,0,327,59,218,219,59,1012,185,3,82,507,18,24,507,0,6,15,35,68,105,137,134,108,67,25,0,113,133,145,179,230,283,327,323,287,233,153,108,185,153,151,96,28,10,3,5,16,51,145,169
"CA_st_12_frost",159,148,47,5894,337,27,310,82,231,231,82,394,77,1,83,201,6,6,201,28,44,56,75,102,128,145,141,127,92,53,27,119,159,187,225,270,308,337,330,306,255,175,122,77,62,59,35,10,3,1,2,7,21,55,62
"CA_tu_12_frost",134,151,46,6381,327,0,327,59,218,219,59,1012,185,3,82,507,18,24,507,0,6,15,35,68,105,137,134,108,67,25,0,113,133,145,179,230,283,327,323,287,233,153,108,185,153,151,96,28,10,3,5,16,51,145,169
"VA_ch_15_fall",134,128,36,8117,311,-41,352,229,27,237,27,1118,115,76,13,319,234,315,234,-41,-28,12,61,114,160,184,176,137,71,24,-19,72,91,143,205,251,291,311,302,267,209,151,90,76,78,93,81,108,92,115,108,96,104,87,80
"VA_ch_15_spring",134,128,36,8117,311,-41,352,229,27,237,27,1118,115,76,13,319,234,315,234,-41,-28,12,61,114,160,184,176,137,71,24,-19,72,91,143,205,251,291,311,302,267,209,151,90,76,78,93,81,108,92,115,108,96,104,87,80
"PA_li_15_fall",121,104,29,8795,300,-50,350,225,5,233,5,1124,112,76,11,313,250,310,250,-50,-40,3,54,112,162,190,182,139,75,27,-22,35,52,105,168,227,276,300,290,249,187,125,61,83,76,94,96,104,96,112,102,99,77,94,91
"PA_li_15_spring",121,104,29,8795,300,-50,350,225,5,233,5,1124,112,76,11,313,250,310,250,-50,-40,3,54,112,162,190,182,139,75,27,-22,35,52,105,168,227,276,300,290,249,187,125,61,83,76,94,96,104,96,112,102,99,77,94,91
"PA_st_15_spring",95,112,30,8884,283,-79,362,187,-23,207,-23,982,105,63,15,296,197,286,197,-79,-70,-25,30,82,130,154,145,107,46,4,-48,8,24,81,152,215,261,283,272,230,167,97,30,63,65,83,78,95,105,96,85,85,74,84,69
"ON_su_15_spring",41,105,24,11015,249,-182,431,124,-43,176,-108,831,98,50,18,254,165,231,174,-182,-166,-107,-21,46,103,132,122,77,25,-37,-132,-71,-51,1,88,170,223,249,231,178,113,31,-42,60,50,57,58,64,77,73,81,98,75,74,64
"ON_su_15_fall",41,105,24,11015,249,-182,431,124,-43,176,-108,831,98,50,18,254,165,231,174,-182,-166,-107,-21,46,103,132,122,77,25,-37,-132,-71,-51,1,88,170,223,249,231,178,113,31,-42,60,50,57,58,64,77,73,81,98,75,74,64
"IL_ur_15_spring",108,112,29,9832,298,-86,384,210,-25,229,-25,968,112,48,24,313,163,303,163,-86,-63,-11,49,107,159,180,167,125,62,0,-56,3,30,93,170,233,283,298,288,257,190,101,28,51,48,77,99,100,101,112,90,81,70,75,64
"CA_pl_12_frost",145,147,45,6345,336,11,325,78,229,230,72,1119,204,4,80,550,20,32,550,11,21,27,47,80,118,151,148,121,83,38,13,125,144,152,186,237,290,336,332,296,240,160,123,204,165,168,96,31,10,4,6,22,67,165,181
"CA_es_12_frost",160,164,48,6203,357,17,340,82,239,239,82,549,119,1,90,302,7,7,302,17,36,48,64,95,128,144,137,118,86,47,19,130,163,185,223,275,323,357,349,317,264,183,132,119,93,76,31,9,4,1,2,9,32,83,90
"CA_es_13_spring",160,164,48,6203,357,17,340,82,239,239,82,549,119,1,90,302,7,7,302,17,36,48,64,95,128,144,137,118,86,47,19,130,163,185,223,275,323,357,349,317,264,183,132,119,93,76,31,9,4,1,2,9,32,83,90
"CA_tu_13_spring",134,151,46,6381,327,0,327,59,218,219,59,1012,185,3,82,507,18,24,507,0,6,15,35,68,105,137,134,108,67,25,0,113,133,145,179,230,283,327,323,287,233,153,108,185,153,151,96,28,10,3,5,16,51,145,169
"CA_pl_13_fall",145,147,45,6345,336,11,325,78,229,230,72,1119,204,4,80,550,20,32,550,11,21,27,47,80,118,151,148,121,83,38,13,125,144,152,186,237,290,336,332,296,240,160,123,204,165,168,96,31,10,4,6,22,67,165,181
"CA_tu_13_fall",134,151,46,6381,327,0,327,59,218,219,59,1012,185,3,82,507,18,24,507,0,6,15,35,68,105,137,134,108,67,25,0,113,133,145,179,230,283,327,323,287,233,153,108,185,153,151,96,28,10,3,5,16,51,145,169
"CA_st_13_fall",159,148,47,5894,337,27,310,82,231,231,82,394,77,1,83,201,6,6,201,28,44,56,75,102,128,145,141,127,92,53,27,119,159,187,225,270,308,337,330,306,255,175,122,77,62,59,35,10,3,1,2,7,21,55,62
"CA_es_13_fall",160,164,48,6203,357,17,340,82,239,239,82,549,119,1,90,302,7,7,302,17,36,48,64,95,128,144,137,118,86,47,19,130,163,185,223,275,323,357,349,317,264,183,132,119,93,76,31,9,4,1,2,9,32,83,90
"CA_tu_13_frost",134,151,46,6381,327,0,327,59,218,219,59,1012,185,3,82,507,18,24,507,0,6,15,35,68,105,137,134,108,67,25,0,113,133,145,179,230,283,327,323,287,233,153,108,185,153,151,96,28,10,3,5,16,51,145,169
"CA_pl_13_frost",145,147,45,6345,336,11,325,78,229,230,72,1119,204,4,80,550,20,32,550,11,21,27,47,80,118,151,148,121,83,38,13,125,144,152,186,237,290,336,332,296,240,160,123,204,165,168,96,31,10,4,6,22,67,165,181
"B",121,111,27,10692,309,-93,402,251,-24,251,-24,610,195,3,132,462,12,462,12,-93,-67,-5,72,133,182,215,203,141,72,-4,-67,14,40,112,200,266,304,309,296,258,189,99,31,4,5,9,21,32,75,195,192,51,16,7,3
"CO",171,108,76,966,253,112,141,158,179,182,158,1988,362,12,70,979,64,320,979,112,114,128,128,126,120,115,113,112,112,116,113,246,253,243,232,225,210,197,198,213,218,227,239,12,40,129,151,170,216,311,306,362,228,51,12
"EA",275,146,70,1364,390,183,207,264,279,296,264,1145,226,5,80,592,24,98,592,183,201,218,219,203,204,212,204,202,201,192,187,373,381,390,373,345,328,320,319,329,337,330,354,5,9,28,61,136,150,226,209,157,110,44,10
"EB",185,150,82,678,277,95,182,186,184,195,178,1831,226,43,43,655,176,554,647,95,104,114,121,122,119,117,117,114,106,99,95,271,277,275,273,267,254,238,238,246,259,261,266,43,76,142,186,226,216,213,220,214,143,95,57
"ED",144,158,80,785,238,41,197,142,136,155,134,836,156,16,64,413,69,211,95,49,58,65,79,80,72,80,78,72,65,46,41,237,229,232,231,238,229,209,209,207,210,220,225,31,36,50,81,51,79,152,156,105,57,22,16
"EF",119,134,71,1237,216,29,187,112,107,136,106,1212,331,8,104,787,35,219,51,41,49,64,74,62,57,51,53,65,49,35,29,188,193,205,216,198,201,171,162,172,176,175,178,16,38,73,77,69,101,312,331,144,32,11,8
"EG",216,136,49,5168,351,77,274,162,277,277,145,21,5,0,94,13,0,0,13,77,82,106,134,168,195,210,212,193,171,137,97,194,211,243,289,328,349,351,349,325,302,257,212,5,3,3,1,1,0,0,0,0,0,3,5
"ER",147,126,67,1571,240,53,187,153,126,166,126,945,317,4,117,650,28,162,28,53,71,82,91,103,105,94,109,100,76,71,53,198,201,212,224,240,237,201,207,211,198,195,192,9,21,56,45,44,73,317,229,104,28,15,4
"FR",116,95,34,6408,269,-6,275,164,32,198,32,767,81,49,19,228,149,206,149,-6,0,28,55,93,127,149,144,117,74,36,5,57,79,129,163,204,242,269,261,226,165,104,63,49,49,54,57,81,76,56,74,79,75,66,51
"GA",249,89,75,849,308,190,118,252,235,257,235,1810,253,8,58,697,44,627,44,208,207,208,211,212,197,190,196,206,209,208,207,297,301,307,308,299,278,272,281,295,299,298,294,159,185,231,203,193,22,8,14,98,253,248,196
"GU",210,112,61,1513,302,121,181,199,199,233,196,1940,492,2,98,1201,13,260,55,121,136,159,179,179,165,161,158,158,162,148,125,269,284,302,301,284,260,243,233,243,251,259,261,3,2,26,69,165,230,355,492,354,192,44,8
"I",79,117,31,9010,272,-100,372,170,-30,192,-40,900,98,49,19,269,161,268,165,-100,-96,-48,8,61,112,137,129,90,33,-7,-67,-3,9,58,131,197,246,272,261,220,158,86,20,49,50,62,76,84,98,87,83,87,77,81,66
"KN",139,146,81,700,233,54,179,131,145,148,130,983,152,30,45,372,120,213,354,58,58,69,80,75,63,67,67,54,63,74,70,224,232,233,220,214,207,194,193,207,213,204,208,30,35,55,123,96,87,133,152,69,50,85,68
"N",93,75,34,5338,214,-5,219,66,50,161,26,801,79,47,16,230,158,215,194,-5,-4,14,38,76,104,122,120,99,70,33,7,50,57,85,116,167,198,213,214,186,144,89,57,69,49,62,47,56,67,74,74,73,79,75,76
"NG",258,151,57,2736,382,119,263,256,223,293,220,609,214,0,137,475,0,120,0,119,139,177,213,233,224,215,207,206,189,147,120,309,329,365,382,366,345,308,290,316,345,336,309,0,0,1,10,33,77,163,214,98,13,0,0
"RAL",154,126,37,7540,317,-15,332,249,108,249,54,1142,118,76,13,331,246,331,278,-15,-3,38,82,132,177,199,195,157,89,43,2,102,121,169,225,264,300,317,310,280,225,175,120,95,97,103,76,106,100,118,113,88,79,81,86
"RG",181,103,81,304,246,119,127,180,179,184,177,1517,185,20,46,525,98,318,167,131,130,131,133,135,126,119,126,130,130,129,130,231,230,231,226,225,227,236,246,244,234,229,229,152,157,183,185,111,36,20,42,116,160,180,175
"SB",124,143,52,4428,256,-17,273,171,64,177,64,647,92,14,54,267,50,260,60,105,109,89,53,18,-10,-17,8,35,61,79,97,256,249,222,187,148,120,130,159,185,212,230,249,90,92,85,56,28,18,14,18,32,61,75,78
"SD",132,133,61,3106,221,4,217,161,87,164,87,889,171,11,75,453,40,445,40,112,111,96,69,34,4,7,23,53,79,95,106,221,220,213,198,178,154,156,180,208,217,214,220,171,128,98,37,22,14,11,15,38,73,136,146
"SP",221,128,57,3111,318,94,224,256,177,256,177,544,104,4,78,285,19,285,19,206,202,193,164,126,94,99,116,145,166,184,195,318,309,299,287,269,247,247,263,285,289,301,312,104,89,73,27,15,4,9,6,20,37,68,92
"T",124,93,51,3022,220,40,180,135,150,162,84,582,61,38,14,172,126,129,145,114,114,104,85,65,46,40,44,56,71,87,102,220,219,204,178,148,125,121,131,149,169,185,200,47,38,44,44,48,38,54,53,44,56,55,61
"UK",174,120,90,225,240,108,132,174,173,176,171,1352,173,29,39,452,149,343,335,114,116,116,119,119,109,108,115,115,115,115,115,240,239,237,228,225,232,238,238,239,235,230,233,87,116,140,173,119,43,29,77,133,155,164,116
"W",163,155,47,6074,353,25,328,85,239,239,85,570,131,1,92,321,7,7,321,25,46,59,73,104,132,148,142,125,95,56,27,127,164,187,225,276,321,353,344,315,263,184,128,131,96,79,32,9,4,1,2,8,30,84,94
"ZI",253,135,54,2658,374,127,247,258,218,287,218,708,182,0,117,517,2,83,5,209,203,200,188,156,130,127,151,195,234,227,213,309,303,316,323,313,293,295,318,354,374,343,315,182,155,78,24,4,1,0,1,1,12,70,180
"ZW",222,156,54,3573,349,63,286,246,169,258,169,683,173,0,115,484,1,263,1,189,188,177,151,103,69,63,91,139,181,191,189,301,303,304,303,282,253,258,284,326,349,334,309,173,140,78,22,4,1,0,0,2,22,70,171
"SIM",NA,NA,NA,NA,NA,NA,NA,NA,NA,NA,NA,NA,NA,NA,NA,NA,NA,NA,NA,NA,NA,NA,NA,NA,NA,NA,NA,NA,NA,NA,NA,NA,NA,NA,NA,NA,NA,NA,NA,NA,NA,NA,NA,NA,NA,NA,NA,NA,NA,NA,NA,NA,NA,NA,NA
